Year,Country,Event_Count
1985,Afghanistan,0
1985,Albania,0
1985,Algeria,0
1985,Angola,0
1985,Argentina,0
1985,Australia,0
1985,Azerbaijan,0
1985,Bangladesh,0
1985,Bolivia,0
1985,Brazil,0
1985,Bulgaria,0
1985,Burkina Faso,0
1985,Cameroon,1
1985,Canada,0
1985,Chad,0
1985,Chile,0
1985,China,0
1985,Colombia,0
1985,Comoros,0
1985,Cuba,0
1985,Czechoslovakia,0
1985,Côte d'Ivoire,0
1985,Democratic Republic of Congo,0
1985,Dominican Republic,0
1985,Ecuador,0
1985,Egypt,0
1985,El Salvador,0
1985,Ethiopia,0
1985,France,0
1985,Ghana,0
1985,Greece,0
1985,Guatemala,1
1985,Guinea,0
1985,Guyana,0
1985,Haiti,0
1985,Honduras,0
1985,Hungary,0
1985,India,0
1985,Indonesia,0
1985,Iran,0
1985,Iraq,0
1985,Israel,0
1985,Jamaica,0
1985,Jordan,0
1985,Kazakhstan,0
1985,Kenya,0
1985,Kyrgyzstan,0
1985,Lebanon,0
1985,Lesotho,0
1985,Libya,0
1985,Macedonia,0
1985,Madagascar,0
1985,Mali,0
1985,Mauritania,0
1985,Mauritius,0
1985,Mexico,0
1985,Morocco,0
1985,Mozambique,0
1985,Myanmar,0
1985,Nepal,0
1985,Nigeria,1
1985,Pakistan,0
1985,Palestine,0
1985,Peru,0
1985,Puerto Rico,0
1985,Senegal,0
1985,Somalia,0
1985,South Africa,0
1985,South Sudan,0
1985,Spain,0
1985,Sri Lanka,0
1985,Sudan,0
1985,Syrian Arab Republic,0
1985,Tajikistan,0
1985,Tanzania,0
1985,Tunisia,0
1985,Turkey,0
1985,Turkmenistan,0
1985,Uganda,0
1985,Ukraine,0
1985,United States,0
1985,Uruguay,0
1985,Uzbekistan,0
1985,Venezuela,0
1985,Vietnam,0
1985,Yemen,0
1985,Zambia,0
1990,Afghanistan,0
1990,Albania,0
1990,Algeria,0
1990,Angola,0
1990,Argentina,0
1990,Australia,0
1990,Azerbaijan,0
1990,Bangladesh,0
1990,Bolivia,0
1990,Brazil,0
1990,Bulgaria,0
1990,Burkina Faso,0
1990,Cameroon,0
1990,Canada,0
1990,Chad,0
1990,Chile,0
1990,China,0
1990,Colombia,0
1990,Comoros,0
1990,Cuba,0
1990,Czechoslovakia,0
1990,Côte d'Ivoire,0
1990,Democratic Republic of Congo,0
1990,Dominican Republic,0
1990,Ecuador,0
1990,Egypt,0
1990,El Salvador,0
1990,Ethiopia,0
1990,France,0
1990,Ghana,0
1990,Greece,0
1990,Guatemala,0
1990,Guinea,0
1990,Guyana,0
1990,Haiti,0
1990,Honduras,0
1990,Hungary,0
1990,India,0
1990,Indonesia,0
1990,Iran,0
1990,Iraq,0
1990,Israel,0
1990,Jamaica,0
1990,Jordan,0
1990,Kazakhstan,0
1990,Kenya,0
1990,Kyrgyzstan,0
1990,Lebanon,0
1990,Lesotho,1
1990,Libya,0
1990,Macedonia,0
1990,Madagascar,0
1990,Mali,0
1990,Mauritania,0
1990,Mauritius,0
1990,Mexico,0
1990,Morocco,0
1990,Mozambique,0
1990,Myanmar,0
1990,Nepal,0
1990,Nigeria,0
1990,Pakistan,0
1990,Palestine,0
1990,Peru,0
1990,Puerto Rico,0
1990,Senegal,0
1990,Somalia,0
1990,South Africa,0
1990,South Sudan,0
1990,Spain,0
1990,Sri Lanka,0
1990,Sudan,1
1990,Syrian Arab Republic,0
1990,Tajikistan,0
1990,Tanzania,0
1990,Tunisia,0
1990,Turkey,0
1990,Turkmenistan,0
1990,Uganda,0
1990,Ukraine,0
1990,United States,0
1990,Uruguay,0
1990,Uzbekistan,0
1990,Venezuela,0
1990,Vietnam,0
1990,Yemen,0
1990,Zambia,0
1995,Afghanistan,0
1995,Albania,0
1995,Algeria,0
1995,Angola,0
1995,Argentina,0
1995,Australia,0
1995,Azerbaijan,0
1995,Bangladesh,0
1995,Bolivia,0
1995,Brazil,0
1995,Bulgaria,0
1995,Burkina Faso,0
1995,Cameroon,0
1995,Canada,0
1995,Chad,0
1995,Chile,0
1995,China,2
1995,Colombia,0
1995,Comoros,0
1995,Cuba,0
1995,Czechoslovakia,1
1995,Côte d'Ivoire,0
1995,Democratic Republic of Congo,0
1995,Dominican Republic,0
1995,Ecuador,0
1995,Egypt,0
1995,El Salvador,0
1995,Ethiopia,0
1995,France,0
1995,Ghana,0
1995,Greece,0
1995,Guatemala,0
1995,Guinea,0
1995,Guyana,0
1995,Haiti,0
1995,Honduras,0
1995,Hungary,1
1995,India,1
1995,Indonesia,0
1995,Iran,0
1995,Iraq,0
1995,Israel,0
1995,Jamaica,0
1995,Jordan,0
1995,Kazakhstan,0
1995,Kenya,1
1995,Kyrgyzstan,1
1995,Lebanon,0
1995,Lesotho,0
1995,Libya,0
1995,Macedonia,0
1995,Madagascar,0
1995,Mali,0
1995,Mauritania,0
1995,Mauritius,0
1995,Mexico,0
1995,Morocco,0
1995,Mozambique,0
1995,Myanmar,0
1995,Nepal,0
1995,Nigeria,0
1995,Pakistan,0
1995,Palestine,0
1995,Peru,0
1995,Puerto Rico,0
1995,Senegal,0
1995,Somalia,0
1995,South Africa,0
1995,South Sudan,0
1995,Spain,0
1995,Sri Lanka,0
1995,Sudan,0
1995,Syrian Arab Republic,0
1995,Tajikistan,1
1995,Tanzania,0
1995,Tunisia,0
1995,Turkey,0
1995,Turkmenistan,1
1995,Uganda,0
1995,Ukraine,0
1995,United States,0
1995,Uruguay,0
1995,Uzbekistan,2
1995,Venezuela,0
1995,Vietnam,0
1995,Yemen,0
1995,Zambia,0
2000,Afghanistan,0
2000,Albania,0
2000,Algeria,0
2000,Angola,0
2000,Argentina,0
2000,Australia,0
2000,Azerbaijan,0
2000,Bangladesh,2
2000,Bolivia,0
2000,Brazil,0
2000,Bulgaria,0
2000,Burkina Faso,0
2000,Cameroon,0
2000,Canada,0
2000,Chad,0
2000,Chile,0
2000,China,1
2000,Colombia,0
2000,Comoros,0
2000,Cuba,0
2000,Czechoslovakia,0
2000,Côte d'Ivoire,0
2000,Democratic Republic of Congo,0
2000,Dominican Republic,0
2000,Ecuador,1
2000,Egypt,0
2000,El Salvador,0
2000,Ethiopia,0
2000,France,0
2000,Ghana,0
2000,Greece,0
2000,Guatemala,0
2000,Guinea,0
2000,Guyana,0
2000,Haiti,0
2000,Honduras,0
2000,Hungary,0
2000,India,2
2000,Indonesia,0
2000,Iran,0
2000,Iraq,0
2000,Israel,0
2000,Jamaica,0
2000,Jordan,0
2000,Kazakhstan,0
2000,Kenya,1
2000,Kyrgyzstan,1
2000,Lebanon,0
2000,Lesotho,1
2000,Libya,0
2000,Macedonia,0
2000,Madagascar,0
2000,Mali,2
2000,Mauritania,3
2000,Mauritius,0
2000,Mexico,0
2000,Morocco,0
2000,Mozambique,0
2000,Myanmar,0
2000,Nepal,0
2000,Nigeria,1
2000,Pakistan,0
2000,Palestine,0
2000,Peru,1
2000,Puerto Rico,2
2000,Senegal,0
2000,Somalia,0
2000,South Africa,2
2000,South Sudan,0
2000,Spain,0
2000,Sri Lanka,0
2000,Sudan,1
2000,Syrian Arab Republic,0
2000,Tajikistan,0
2000,Tanzania,0
2000,Tunisia,0
2000,Turkey,0
2000,Turkmenistan,0
2000,Uganda,0
2000,Ukraine,0
2000,United States,1
2000,Uruguay,0
2000,Uzbekistan,1
2000,Venezuela,0
2000,Vietnam,0
2000,Yemen,2
2000,Zambia,0
2005,Afghanistan,1
2005,Albania,1
2005,Algeria,7
2005,Angola,0
2005,Argentina,0
2005,Australia,0
2005,Azerbaijan,0
2005,Bangladesh,1
2005,Bolivia,2
2005,Brazil,0
2005,Bulgaria,0
2005,Burkina Faso,0
2005,Cameroon,0
2005,Canada,0
2005,Chad,0
2005,Chile,1
2005,China,4
2005,Colombia,3
2005,Comoros,0
2005,Cuba,0
2005,Czechoslovakia,0
2005,Côte d'Ivoire,3
2005,Democratic Republic of Congo,1
2005,Dominican Republic,0
2005,Ecuador,0
2005,Egypt,0
2005,El Salvador,0
2005,Ethiopia,4
2005,France,0
2005,Ghana,0
2005,Greece,0
2005,Guatemala,0
2005,Guinea,0
2005,Guyana,0
2005,Haiti,0
2005,Honduras,0
2005,Hungary,0
2005,India,3
2005,Indonesia,0
2005,Iran,0
2005,Iraq,0
2005,Israel,1
2005,Jamaica,0
2005,Jordan,0
2005,Kazakhstan,0
2005,Kenya,7
2005,Kyrgyzstan,1
2005,Lebanon,0
2005,Lesotho,0
2005,Libya,0
2005,Macedonia,1
2005,Madagascar,0
2005,Mali,0
2005,Mauritania,0
2005,Mauritius,0
2005,Mexico,1
2005,Morocco,0
2005,Mozambique,0
2005,Myanmar,0
2005,Nepal,0
2005,Nigeria,1
2005,Pakistan,1
2005,Palestine,1
2005,Peru,0
2005,Puerto Rico,0
2005,Senegal,0
2005,Somalia,4
2005,South Africa,3
2005,South Sudan,0
2005,Spain,0
2005,Sri Lanka,0
2005,Sudan,2
2005,Syrian Arab Republic,0
2005,Tajikistan,0
2005,Tanzania,0
2005,Tunisia,0
2005,Turkey,0
2005,Turkmenistan,0
2005,Uganda,0
2005,Ukraine,0
2005,United States,2
2005,Uruguay,0
2005,Uzbekistan,1
2005,Venezuela,0
2005,Vietnam,0
2005,Yemen,0
2005,Zambia,0
2010,Afghanistan,0
2010,Albania,0
2010,Algeria,0
2010,Angola,0
2010,Argentina,0
2010,Australia,1
2010,Azerbaijan,0
2010,Bangladesh,1
2010,Bolivia,0
2010,Brazil,0
2010,Bulgaria,0
2010,Burkina Faso,1
2010,Cameroon,0
2010,Canada,0
2010,Chad,0
2010,Chile,0
2010,China,2
2010,Colombia,0
2010,Comoros,0
2010,Cuba,0
2010,Czechoslovakia,0
2010,Côte d'Ivoire,0
2010,Democratic Republic of Congo,0
2010,Dominican Republic,0
2010,Ecuador,0
2010,Egypt,1
2010,El Salvador,0
2010,Ethiopia,3
2010,France,0
2010,Ghana,0
2010,Greece,0
2010,Guatemala,0
2010,Guinea,0
2010,Guyana,0
2010,Haiti,0
2010,Honduras,0
2010,Hungary,0
2010,India,3
2010,Indonesia,0
2010,Iran,0
2010,Iraq,0
2010,Israel,0
2010,Jamaica,0
2010,Jordan,0
2010,Kazakhstan,0
2010,Kenya,3
2010,Kyrgyzstan,1
2010,Lebanon,0
2010,Lesotho,0
2010,Libya,0
2010,Macedonia,0
2010,Madagascar,0
2010,Mali,1
2010,Mauritania,0
2010,Mauritius,0
2010,Mexico,0
2010,Morocco,0
2010,Mozambique,0
2010,Myanmar,0
2010,Nepal,0
2010,Nigeria,1
2010,Pakistan,0
2010,Palestine,0
2010,Peru,1
2010,Puerto Rico,0
2010,Senegal,0
2010,Somalia,3
2010,South Africa,0
2010,South Sudan,0
2010,Spain,0
2010,Sri Lanka,0
2010,Sudan,2
2010,Syrian Arab Republic,0
2010,Tajikistan,1
2010,Tanzania,0
2010,Tunisia,0
2010,Turkey,0
2010,Turkmenistan,0
2010,Uganda,0
2010,Ukraine,0
2010,United States,0
2010,Uruguay,0
2010,Uzbekistan,0
2010,Venezuela,0
2010,Vietnam,0
2010,Yemen,3
2010,Zambia,0
2015,Afghanistan,3
2015,Albania,0
2015,Algeria,1
2015,Angola,0
2015,Argentina,0
2015,Australia,0
2015,Azerbaijan,0
2015,Bangladesh,0
2015,Bolivia,0
2015,Brazil,2
2015,Bulgaria,0
2015,Burkina Faso,1
2015,Cameroon,0
2015,Canada,1
2015,Chad,0
2015,Chile,0
2015,China,2
2015,Colombia,1
2015,Comoros,0
2015,Cuba,0
2015,Czechoslovakia,0
2015,Côte d'Ivoire,0
2015,Democratic Republic of Congo,0
2015,Dominican Republic,0
2015,Ecuador,0
2015,Egypt,4
2015,El Salvador,0
2015,Ethiopia,1
2015,France,0
2015,Ghana,0
2015,Greece,0
2015,Guatemala,2
2015,Guinea,1
2015,Guyana,0
2015,Haiti,0
2015,Honduras,1
2015,Hungary,0
2015,India,10
2015,Indonesia,2
2015,Iran,5
2015,Iraq,0
2015,Israel,0
2015,Jamaica,0
2015,Jordan,1
2015,Kazakhstan,1
2015,Kenya,5
2015,Kyrgyzstan,3
2015,Lebanon,0
2015,Lesotho,0
2015,Libya,0
2015,Macedonia,0
2015,Madagascar,0
2015,Mali,1
2015,Mauritania,1
2015,Mauritius,0
2015,Mexico,3
2015,Morocco,1
2015,Mozambique,0
2015,Myanmar,1
2015,Nepal,0
2015,Nigeria,3
2015,Pakistan,5
2015,Palestine,0
2015,Peru,3
2015,Puerto Rico,0
2015,Senegal,0
2015,Somalia,2
2015,South Africa,2
2015,South Sudan,1
2015,Spain,0
2015,Sri Lanka,1
2015,Sudan,0
2015,Syrian Arab Republic,1
2015,Tajikistan,1
2015,Tanzania,3
2015,Tunisia,1
2015,Turkey,0
2015,Turkmenistan,0
2015,Uganda,1
2015,Ukraine,0
2015,United States,1
2015,Uruguay,0
2015,Uzbekistan,1
2015,Venezuela,0
2015,Vietnam,0
2015,Yemen,1
2015,Zambia,1
2020,Afghanistan,3
2020,Albania,1
2020,Algeria,5
2020,Angola,0
2020,Argentina,0
2020,Australia,0
2020,Azerbaijan,0
2020,Bangladesh,4
2020,Bolivia,0
2020,Brazil,2
2020,Bulgaria,0
2020,Burkina Faso,0
2020,Cameroon,0
2020,Canada,0
2020,Chad,1
2020,Chile,4
2020,China,1
2020,Colombia,0
2020,Comoros,0
2020,Cuba,0
2020,Czechoslovakia,0
2020,Côte d'Ivoire,0
2020,Democratic Republic of Congo,2
2020,Dominican Republic,2
2020,Ecuador,0
2020,Egypt,1
2020,El Salvador,1
2020,Ethiopia,1
2020,France,0
2020,Ghana,3
2020,Greece,0
2020,Guatemala,4
2020,Guinea,4
2020,Guyana,0
2020,Haiti,1
2020,Honduras,3
2020,Hungary,0
2020,India,48
2020,Indonesia,1
2020,Iran,11
2020,Iraq,7
2020,Israel,1
2020,Jamaica,0
2020,Jordan,2
2020,Kazakhstan,0
2020,Kenya,7
2020,Kyrgyzstan,3
2020,Lebanon,0
2020,Lesotho,0
2020,Libya,0
2020,Macedonia,0
2020,Madagascar,0
2020,Mali,4
2020,Mauritania,0
2020,Mauritius,0
2020,Mexico,6
2020,Morocco,2
2020,Mozambique,0
2020,Myanmar,0
2020,Nepal,1
2020,Nigeria,3
2020,Pakistan,20
2020,Palestine,1
2020,Peru,4
2020,Puerto Rico,0
2020,Senegal,0
2020,Somalia,8
2020,South Africa,13
2020,South Sudan,5
2020,Spain,0
2020,Sri Lanka,0
2020,Sudan,7
2020,Syrian Arab Republic,1
2020,Tajikistan,0
2020,Tanzania,3
2020,Tunisia,4
2020,Turkey,1
2020,Turkmenistan,0
2020,Uganda,0
2020,Ukraine,0
2020,United States,4
2020,Uruguay,0
2020,Uzbekistan,0
2020,Venezuela,9
2020,Vietnam,0
2020,Yemen,6
2020,Zambia,0
2024,Afghanistan,5
2024,Albania,1
2024,Algeria,1
2024,Angola,3
2024,Argentina,4
2024,Australia,0
2024,Azerbaijan,2
2024,Bangladesh,10
2024,Bolivia,7
2024,Brazil,2
2024,Bulgaria,1
2024,Burkina Faso,1
2024,Cameroon,10
2024,Canada,0
2024,Chad,7
2024,Chile,4
2024,China,2
2024,Colombia,3
2024,Comoros,1
2024,Cuba,1
2024,Czechoslovakia,0
2024,Côte d'Ivoire,0
2024,Democratic Republic of Congo,3
2024,Dominican Republic,4
2024,Ecuador,1
2024,Egypt,0
2024,El Salvador,0
2024,Ethiopia,7
2024,France,6
2024,Ghana,0
2024,Greece,1
2024,Guatemala,1
2024,Guinea,4
2024,Guyana,1
2024,Haiti,1
2024,Honduras,4
2024,Hungary,0
2024,India,48
2024,Indonesia,0
2024,Iran,15
2024,Iraq,7
2024,Israel,14
2024,Jamaica,1
2024,Jordan,1
2024,Kazakhstan,1
2024,Kenya,16
2024,Kyrgyzstan,5
2024,Lebanon,5
2024,Lesotho,0
2024,Libya,1
2024,Macedonia,0
2024,Madagascar,1
2024,Mali,2
2024,Mauritania,1
2024,Mauritius,1
2024,Mexico,34
2024,Morocco,2
2024,Mozambique,1
2024,Myanmar,1
2024,Nepal,7
2024,Nigeria,2
2024,Pakistan,28
2024,Palestine,14
2024,Peru,8
2024,Puerto Rico,0
2024,Senegal,3
2024,Somalia,12
2024,South Africa,20
2024,South Sudan,5
2024,Spain,1
2024,Sri Lanka,3
2024,Sudan,11
2024,Syrian Arab Republic,6
2024,Tajikistan,3
2024,Tanzania,0
2024,Tunisia,0
2024,Turkey,2
2024,Turkmenistan,0
2024,Uganda,1
2024,Ukraine,1
2024,United States,6
2024,Uruguay,1
2024,Uzbekistan,1
2024,Venezuela,5
2024,Vietnam,1
2024,Yemen,19
2024,Zambia,0
